atar_band,band_order,ses,applicants,offers
50 or less,1,Low SES,2706,1437
50 or less,1,Medium SES,6159,3339
50 or less,1,High SES,1485,802
50–60,2,Low SES,2111,1800
50–60,2,Medium SES,6270,5276
50–60,2,High SES,2366,1959
60–70,3,Low SES,2801,2628
60–70,3,Medium SES,8938,8403
60–70,3,High SES,4251,3914
70–80,4,Low SES,2929,2859
70–80,4,Medium SES,11568,11293
70–80,4,High SES,7108,6917
80–90,5,Low SES,2844,2797
80–90,5,Medium SES,12888,12790
80–90,5,High SES,10624,10540
Above 90,6,Low SES,2160,2148
Above 90,6,Medium SES,12911,12812
Above 90,6,High SES,16103,16001
