task,who,type,start,end,emphasis,label,detail
Apply through UAC,Everyone,period,2026-04-08,2027-02-05,no,,Applications open 8 Apr 2026 and close 5 Feb 2027 for semester 1 courses
Early-bird fee,Everyone,period,2026-04-08,2026-09-30,no,,Application fee is $82 until 30 Sep 2026 and $215 after that
Early offers,Year 12 students,period,2026-09-11,2026-11-12,no,,Schools Recommendation Scheme: apply by 11 Sep; first early offers on 12 Nov
ATAR released,Year 12 students,milestone,2026-12-16,,yes,16 Dec,NSW and ACT ATARs released on 16 Dec 2026
Offer rounds,Everyone,milestone,2026-11-12,,no,,November Round 1 (first early offers to Year 12 students)
Offer rounds,Everyone,milestone,2026-11-26,,no,,November Round 2
Offer rounds,Everyone,milestone,2026-12-10,,no,,December Round 1
Offer rounds,Everyone,milestone,2026-12-23,,yes,Main round 23 Dec,December Round 2: the main offer round and first ATAR-based offers
Offer rounds,Everyone,milestone,2027-01-08,,no,,January Round 1
Offer rounds,Everyone,milestone,2027-01-21,,no,,January Round 2
Offer rounds,Everyone,milestone,2027-02-04,,no,,February Round 1
Offer rounds,Everyone,milestone,2027-02-11,,no,,February Round 2
Offer rounds,Everyone,milestone,2027-03-04,,no,,March Round 1 (last round for semester 1)
Most offers made,Everyone,period,2026-12-01,2027-01-31,no,,Most semester 1 offers are made in December and January
