state,abbr,year,applicants,offers,label_lon,label_lat
Australian Capital Territory,ACT,2010,5793,5051,152.6,-35.6
Australian Capital Territory,ACT,2011,5951,5130,152.6,-35.6
Australian Capital Territory,ACT,2012,6128,5336,152.6,-35.6
Australian Capital Territory,ACT,2013,6507,5785,152.6,-35.6
Australian Capital Territory,ACT,2014,6689,5796,152.6,-35.6
Australian Capital Territory,ACT,2015,6581,5672,152.6,-35.6
Australian Capital Territory,ACT,2016,6653,5743,152.6,-35.6
Australian Capital Territory,ACT,2017,6407,5511,152.6,-35.6
Australian Capital Territory,ACT,2018,6720,5747,152.6,-35.6
Australian Capital Territory,ACT,2019,7055,6182,152.6,-35.6
Australian Capital Territory,ACT,2020,6442,5594,152.6,-35.6
Australian Capital Territory,ACT,2021,6883,5915,152.6,-35.6
Australian Capital Territory,ACT,2022,6286,5450,152.6,-35.6
Australian Capital Territory,ACT,2023,5780,5127,152.6,-35.6
Australian Capital Territory,ACT,2024,5886,5207,152.6,-35.6
Australian Capital Territory,ACT,2025,6081,5353,152.6,-35.6
New South Wales,NSW,2010,96304,79720,146.5,-32.2
New South Wales,NSW,2011,97608,81303,146.5,-32.2
New South Wales,NSW,2012,102653,86207,146.5,-32.2
New South Wales,NSW,2013,105431,88242,146.5,-32.2
New South Wales,NSW,2014,106788,89434,146.5,-32.2
New South Wales,NSW,2015,108273,92009,146.5,-32.2
New South Wales,NSW,2016,109337,93753,146.5,-32.2
New South Wales,NSW,2017,108402,92077,146.5,-32.2
New South Wales,NSW,2018,103131,89364,146.5,-32.2
New South Wales,NSW,2019,100274,87915,146.5,-32.2
New South Wales,NSW,2020,106192,92851,146.5,-32.2
New South Wales,NSW,2021,111299,95689,146.5,-32.2
New South Wales,NSW,2022,98942,85038,146.5,-32.2
New South Wales,NSW,2023,93365,80272,146.5,-32.2
New South Wales,NSW,2024,94670,82966,146.5,-32.2
New South Wales,NSW,2025,100542,88508,146.5,-32.2
Northern Territory,NT,2010,1932,1568,133.4,-19.5
Northern Territory,NT,2011,1926,1584,133.4,-19.5
Northern Territory,NT,2012,2217,1833,133.4,-19.5
Northern Territory,NT,2013,2172,1747,133.4,-19.5
Northern Territory,NT,2014,2344,1707,133.4,-19.5
Northern Territory,NT,2015,2620,1989,133.4,-19.5
Northern Territory,NT,2016,2584,1981,133.4,-19.5
Northern Territory,NT,2017,2557,1967,133.4,-19.5
Northern Territory,NT,2018,2435,1985,133.4,-19.5
Northern Territory,NT,2019,2362,1934,133.4,-19.5
Northern Territory,NT,2020,2441,1991,133.4,-19.5
Northern Territory,NT,2021,2535,1981,133.4,-19.5
Northern Territory,NT,2022,2464,1935,133.4,-19.5
Northern Territory,NT,2023,2363,1854,133.4,-19.5
Northern Territory,NT,2024,2143,1772,133.4,-19.5
Northern Territory,NT,2025,2387,1927,133.4,-19.5
Queensland,QLD,2010,56827,45022,144.5,-23.0
Queensland,QLD,2011,58194,47618,144.5,-23.0
Queensland,QLD,2012,58144,49505,144.5,-23.0
Queensland,QLD,2013,59315,51620,144.5,-23.0
Queensland,QLD,2014,60018,52822,144.5,-23.0
Queensland,QLD,2015,63459,55732,144.5,-23.0
Queensland,QLD,2016,65723,57092,144.5,-23.0
Queensland,QLD,2017,66437,57692,144.5,-23.0
Queensland,QLD,2018,64050,56354,144.5,-23.0
Queensland,QLD,2019,63409,55659,144.5,-23.0
Queensland,QLD,2020,57857,50535,144.5,-23.0
Queensland,QLD,2021,66691,56348,144.5,-23.0
Queensland,QLD,2022,59161,51298,144.5,-23.0
Queensland,QLD,2023,56245,48834,144.5,-23.0
Queensland,QLD,2024,55088,48767,144.5,-23.0
Queensland,QLD,2025,58332,51808,144.5,-23.0
South Australia,SA,2010,20377,17089,135.0,-30.0
South Australia,SA,2011,21000,17448,135.0,-30.0
South Australia,SA,2012,22280,18601,135.0,-30.0
South Australia,SA,2013,23138,19068,135.0,-30.0
South Australia,SA,2014,25121,19973,135.0,-30.0
South Australia,SA,2015,26141,20834,135.0,-30.0
South Australia,SA,2016,25794,20708,135.0,-30.0
South Australia,SA,2017,26052,21033,135.0,-30.0
South Australia,SA,2018,25711,20709,135.0,-30.0
South Australia,SA,2019,23542,19453,135.0,-30.0
South Australia,SA,2020,23565,19126,135.0,-30.0
South Australia,SA,2021,22912,18656,135.0,-30.0
South Australia,SA,2022,23223,19461,135.0,-30.0
South Australia,SA,2023,21238,17971,135.0,-30.0
South Australia,SA,2024,20762,17942,135.0,-30.0
South Australia,SA,2025,20653,18021,135.0,-30.0
Tasmania,TAS,2010,6860,6120,151.8,-42.4
Tasmania,TAS,2011,7416,6620,151.8,-42.4
Tasmania,TAS,2012,7860,7004,151.8,-42.4
Tasmania,TAS,2013,7869,6836,151.8,-42.4
Tasmania,TAS,2014,7975,7318,151.8,-42.4
Tasmania,TAS,2015,9043,8535,151.8,-42.4
Tasmania,TAS,2016,8969,8325,151.8,-42.4
Tasmania,TAS,2017,9083,8538,151.8,-42.4
Tasmania,TAS,2018,8199,7663,151.8,-42.4
Tasmania,TAS,2019,8438,7841,151.8,-42.4
Tasmania,TAS,2020,10620,9480,151.8,-42.4
Tasmania,TAS,2021,9246,8587,151.8,-42.4
Tasmania,TAS,2022,6867,6121,151.8,-42.4
Tasmania,TAS,2023,6218,5468,151.8,-42.4
Tasmania,TAS,2024,6580,5996,151.8,-42.4
Tasmania,TAS,2025,7173,6453,151.8,-42.4
Victoria,VIC,2010,74825,54829,143.9,-36.7
Victoria,VIC,2011,79691,59168,143.9,-36.7
Victoria,VIC,2012,79637,64588,143.9,-36.7
Victoria,VIC,2013,80959,67097,143.9,-36.7
Victoria,VIC,2014,84008,68316,143.9,-36.7
Victoria,VIC,2015,87681,70925,143.9,-36.7
Victoria,VIC,2016,89114,70737,143.9,-36.7
Victoria,VIC,2017,92672,71745,143.9,-36.7
Victoria,VIC,2018,90927,71837,143.9,-36.7
Victoria,VIC,2019,91871,71117,143.9,-36.7
Victoria,VIC,2020,86480,67760,143.9,-36.7
Victoria,VIC,2021,86226,66456,143.9,-36.7
Victoria,VIC,2022,82832,66977,143.9,-36.7
Victoria,VIC,2023,79768,64628,143.9,-36.7
Victoria,VIC,2024,81803,66094,143.9,-36.7
Victoria,VIC,2025,87380,70049,143.9,-36.7
Western Australia,WA,2010,27072,23653,122.0,-26.0
Western Australia,WA,2011,27863,23726,122.0,-26.0
Western Australia,WA,2012,27834,21407,122.0,-26.0
Western Australia,WA,2013,28398,24841,122.0,-26.0
Western Australia,WA,2014,29233,24893,122.0,-26.0
Western Australia,WA,2015,27130,23088,122.0,-26.0
Western Australia,WA,2016,30387,25516,122.0,-26.0
Western Australia,WA,2017,32110,25571,122.0,-26.0
Western Australia,WA,2018,31287,25206,122.0,-26.0
Western Australia,WA,2019,30693,24268,122.0,-26.0
Western Australia,WA,2020,30768,24134,122.0,-26.0
Western Australia,WA,2021,31776,23653,122.0,-26.0
Western Australia,WA,2022,33780,24917,122.0,-26.0
Western Australia,WA,2023,31217,23829,122.0,-26.0
Western Australia,WA,2024,30839,24536,122.0,-26.0
Western Australia,WA,2025,30769,24403,122.0,-26.0
