state,state_order,atar_band,band_order,applicants,offers
NSW,1,50 or less,1,3163,2008
VIC,2,50 or less,1,5270,2406
QLD,3,50 or less,1,857,572
WA,4,50 or less,1,331,203
SA,5,50 or less,1,533,226
TAS,6,50 or less,1,144,141
ACT,7,50 or less,1,17,3
NT,8,50 or less,1,55,30
NSW,1,50–60,2,2936,2461
VIC,2,50–60,2,4899,4180
QLD,3,50–60,2,1273,1011
WA,4,50–60,2,470,322
SA,5,50–60,2,869,794
TAS,6,50–60,2,94,92
ACT,7,50–60,2,139,128
NT,8,50–60,2,87,66
NSW,1,60–70,3,4108,3655
VIC,2,60–70,3,6260,5991
QLD,3,60–70,3,2676,2450
WA,4,60–70,3,929,918
SA,5,60–70,3,1459,1402
TAS,6,60–70,3,168,166
ACT,7,60–70,3,297,283
NT,8,60–70,3,128,113
NSW,1,70–80,4,5582,5252
VIC,2,70–80,4,7271,7242
QLD,3,70–80,4,4547,4387
WA,4,70–80,4,1489,1541
SA,5,70–80,4,1874,1832
TAS,6,70–80,4,278,275
ACT,7,70–80,4,413,396
NT,8,70–80,4,195,185
NSW,1,80–90,5,6945,6743
VIC,2,80–90,5,7825,7851
QLD,3,80–90,5,6111,5994
WA,4,80–90,5,2216,2326
SA,5,80–90,5,2196,2142
TAS,6,80–90,5,417,416
ACT,7,80–90,5,526,540
NT,8,80–90,5,184,175
NSW,1,Above 90,6,8690,8497
VIC,2,Above 90,6,8370,8353
QLD,3,Above 90,6,7131,7065
WA,4,Above 90,6,3218,3315
SA,5,Above 90,6,2405,2374
TAS,6,Above 90,6,607,608
ACT,7,Above 90,6,614,616
NT,8,Above 90,6,189,178
